Filename,Method,i_corr_uA,beta_c,beta_a,alpha_c,alpha_a,Corrosion Rate (mmpy),R2_c,RMSE_c,R2_a,RMSE_a
1_LSV Tuball(2025-03-18 15_56_51) 20250318 155912.csv,LinC/LinA,31.41245426987839,153.23855449714466,141.65792781720265,0.38591563540679646,0.41746448673099323,0.9779353677544942,0.9279043895611254,0.15750167517349178,0.8655273873649207,0.2094933714254287
