Filename,Method,i_corr_uA,beta_c,alpha_c,alpha_a,Corrosion Rate (mmpy),R2_c,RMSE_c,R2_a,RMSE_a
1_LSV Tuball(2025-03-18 15_56_51) 20250318 155912.csv,LinC/NlA,31.41245426987839,153.23855449714466,0.38591563540679646,0.6841824451240976,0.9779353677544942,0.9279043895611254,0.15750167517349178,0.0163374563197507,0.5665998195449551
