Filename,Method,i0_uA,alpha_a,alpha_c,Corrosion Rate (mmpy),R2,RMSE
1_LSV Tuball(2025-03-18 15_56_51) 20250318 155912.csv,NlC/NlA,91.7421490631009,0.30666872190942307,0.23385336710402602,2.856124883200937,-0.4043350071000873,0.6890107704302886
