Filename,Method,i_corr_uA,beta_c,beta_a,alpha_c,alpha_a,Corrosion Rate (mmpy),R2,RMSE
1_LSV Tuball(2025-03-18 15_56_51) 20250318 155912.csv,Optimized LinC/NlA,46.30638201323404,177.3969645931112,154.96911809421334,0.33336057504267497,0.3816060570960481,1.4416144734961343,0.8948936837850352,0.1884972667751488
