Method,βc (mV/dec),βa (mV/dec),αa,αc,Icorr (µA),Corrosion Rate (mmpy)
LinC/LinA,176.72387961817464,4.1292841054359855,,,47.19439657378902,1.4692602231210024
LinC/NlA,176.72387961817464,141.6562502535757,0.41746943055265473,3.140446422957963e-05,47.19439657378902,1.4692602231210024
NlC/NlA,176.78904905511675,173.1658738427952,0.3415058222226334,0.33450688514732413,47.19439657378902,1.4692602231210024
